{"mean_acc":{"0":0.7799499929,"1":0.8494499922,"2":0.8896499872,"3":0.8616999984,"4":0.9281499982,"5":0.9372000098,"6":0.8228000104,"7":0.9545000196,"8":0.9700500071,"9":0.8510999978,"10":0.9663999975,"11":0.971450001,"12":0.8963499963,"13":0.9514000118,"14":0.9686999917},"std_dev_acc":{"0":0.0005500019,"1":0.0004500151,"2":0.0024499893,"3":0.006099999,"4":0.0021499991,"5":0.0005999804,"6":0.0013000071,"7":0.0018000007,"8":0.0009500086,"9":0.0006000102,"10":0.000399977,"11":0.0026499927,"12":0.0059500039,"13":0.0000999868,"14":0.0006999969},"batch_size":{"0":16.0,"1":16.0,"2":16.0,"3":64.0,"4":64.0,"5":64.0,"6":512.0,"7":512.0,"8":512.0,"9":1024.0,"10":1024.0,"11":1024.0,"12":2048.0,"13":2048.0,"14":2048.0},"epochs":{"0":10.0,"1":50.0,"2":150.0,"3":50.0,"4":150.0,"5":300.0,"6":50.0,"7":300.0,"8":500.0,"9":100.0,"10":500.0,"11":1000.0,"12":250.0,"13":500.0,"14":1250.0}}