{"mean_acc":{"0":0.7847499847,"1":0.8574499786,"2":0.8916999996,"3":0.8612499833,"4":0.9284000099,"5":0.94205001,"6":0.8259000182,"7":0.9544999897,"8":0.9642499983,"9":0.847299993,"10":0.9627500176,"11":0.9707500041,"12":0.8967500031,"13":0.9505999982,"14":0.9711999893},"std_dev_acc":{"0":0.001850009,"1":0.0001499951,"2":0.0028999746,"3":0.0029500127,"4":0.0028000176,"5":0.0031500161,"6":0.0067999959,"7":0.0002000034,"8":0.0051499903,"9":0.0011000037,"10":0.0010499954,"11":0.0019499958,"12":0.0010500252,"13":0.0025000274,"14":0.0011000037},"batch_size":{"0":16.0,"1":16.0,"2":16.0,"3":64.0,"4":64.0,"5":64.0,"6":512.0,"7":512.0,"8":512.0,"9":1024.0,"10":1024.0,"11":1024.0,"12":2048.0,"13":2048.0,"14":2048.0},"epochs":{"0":10.0,"1":50.0,"2":150.0,"3":50.0,"4":150.0,"5":300.0,"6":50.0,"7":300.0,"8":500.0,"9":100.0,"10":500.0,"11":1000.0,"12":250.0,"13":500.0,"14":1250.0}}